frame,cam_frame,time_s,fps,latency_ms,v_cmd,omega_cmd,x,y,yaw_deg,v_meas,dist_goal,n_ob,bump
1,14,0.497,2.01,495.54,0.3,0.0087,0,0,0,0,16,60,
2,15,0.606,2.73,107.83,0.3,0.0174,0,0,0,0,16,60,
3,17,0.875,2.83,85.04,0.3,0.0261,0,0,0,0,16,60,
4,18,0.973,3.56,97.69,0.3,0.0348,0,0,0,0,16,60,
5,19,1.206,3.64,96.68,0.3,-0.0264,0,0,0,0,16,60,
6,20,1.308,4.25,101.64,0.3,-0.0177,0,0,0,0,16,63,
7,22,1.555,4.23,100.45,0.3,-0.009,0,0,0,0,16,65,
8,23,1.669,4.69,113.88,0.3,-0.0003,0,0,0,0,16,64,
9,24,1.968,4.55,141.35,0.3,0.0084,0,0,0,0,16,64,
10,25,2.065,5.14,95.61,0.3,0.0171,0,0,0,0,16,64,
11,27,2.378,4.94,141.81,0.3,0.0258,0,0,0,0,16,65,
12,28,2.543,5.06,164.53,0.3,0.0345,0,0,0,0,16,64,
13,30,2.86,4.86,131.08,0.3,-0.0266,0,0,0,0,16,64,
14,31,2.988,5.16,127.07,0.3,-0.0179,0,0,0,0,16,64,
15,33,3.229,5.06,89.52,0.3,-0.0092,0,0,0,0,16,62,
16,34,3.312,5.75,83.27,0.3,-0.0006,0,0,0,0,16,63,
17,35,3.51,5.68,83.5,0.3,0.0081,0,0,0,0,16,65,
18,36,3.607,6.15,96.44,0.3,0.0168,0,0,0,0,16,63,
19,38,3.886,5.89,95.28,0.3,0.0255,0,0,0,0,16,64,
20,39,3.967,6.53,81.06,0.3,0.0342,0,0,0,0,16,63,
21,40,4.19,6.33,84.83,0.3,-0.0269,0,0,0,0,16,63,
22,41,4.285,6.75,94.68,0.3,-0.0182,0,0,0,0,16,65,
23,42,4.509,6.52,86.91,0.3,-0.0095,0,0,0,0,16,65,
24,43,4.615,6.82,105.24,0.3,-0.0008,0,0,0,0,16,65,
25,44,4.84,6.58,75.79,0.3,0.0079,0,0,0,0,16,64,
26,45,4.959,6.76,118.76,0.3,0.0166,0,0,0,0,16,64,
27,47,5.295,6.38,141.67,0.3,0.0252,0,0,0,0,16,65,
28,48,5.417,6.56,122.33,0.3,0.0339,0,0,0,0,16,62,
29,50,5.768,6.19,149.51,0.3,-0.0272,0,0,0,0,16,66,
30,51,5.952,6.11,184.03,0.3,-0.0185,0,0,0,0,16,64,
31,53,6.322,5.77,154.13,0.3,-0.0098,0,0,0,0,16,65,
32,53,6.449,5.98,125.78,0.3,-0.0011,0,0,0,0,16,66,
33,55,6.81,5.66,176.36,0.3,0.0076,0,0,0,0,16,66,
34,56,6.916,6.04,105.5,0.3,0.0163,0,0,0,0,16,65,
35,57,7.295,5.7,190.09,0.3,0.025,0,0,0,0,16,64,
36,58,7.434,5.85,138.32,0.3,0.0337,0,0,0,0,16,65,
37,60,7.716,5.62,94.5,0.3,-0.0275,0,0,0,0,16,66,
38,61,7.826,5.97,109.6,0.3,-0.0188,0,0,0,0,16,65,
39,63,8.129,5.7,113.64,0.3,-0.0101,0,0,0,0,16,64,
40,63,8.254,5.93,124.73,0.3,-0.0014,0,0,0,0,16,63,
41,65,8.504,5.74,107.97,0.3,0.0073,0,0,0,0,16,62,
42,66,8.634,5.93,129.88,0.3,0.016,0,0,0,0,16,64,
43,68,8.989,5.62,151.47,0.3,0.0247,0,0,0,0,16,65,
44,69,9.165,5.63,175.7,0.3,0.0334,0,0,0,0,16,65,
45,70,9.506,5.36,115.08,0.3,-0.0277,0,0,0,0,16,60,
46,71,9.592,5.98,85.6,0.3,-0.019,0,0,0,0,16,65,
47,72,9.819,5.83,94.21,0.3,-0.0103,0,0,0,0,16,62,
48,73,9.902,6.44,83.16,0.3,-0.0017,0,0,0,0,16,62,
49,75,10.114,6.27,81.04,0.3,0.007,0,0,0,0,16,62,
50,75,10.182,7.1,68.49,0.3,0.0157,0,0,0,0,16,65,
51,77,10.401,6.85,74.83,0.3,0.0244,0,0,0,0,16,63,
52,78,10.483,7.38,82.2,0.3,0.0331,0,0,0,0,16,62,
53,79,10.678,7.15,70.78,0.3,-0.028,0,0,0,0,16,65,
54,80,10.761,7.65,82.23,0.3,-0.0193,0,0,0,0,16,65,
55,82,11.032,7.26,124.1,0.3,-0.0106,0,0,0,0,16,63,
56,82,11.127,7.58,95.28,0.3,-0.0019,0,0,0,0,16,65,
57,84,11.351,7.27,85.92,0.3,0.0068,0,0,0,0,16,61,
58,85,11.437,7.7,85.77,0.3,0.0155,0,0,0,0,16,60,
59,86,11.624,7.47,80.12,0.3,0.0241,0,0,0,0,16,63,
60,87,11.695,8.12,71.25,0.3,0.0328,0,0,0,0,16,63,
61,88,11.893,7.81,81,0.3,-0.0283,0,0,0,0,16,60,
62,89,11.974,8.27,80.87,0.3,-0.0196,0,0,0,0,16,64,
63,91,12.194,7.9,89.35,0.3,-0.0109,0,0,0,0,16,60,
64,92,12.282,8.25,87.1,0.3,-0.0022,0,0,0,0,16,65,
65,93,12.477,7.94,80.91,0.3,0.0065,0,0,0,0,16,62,
66,94,12.566,8.26,89.47,0.3,0.0152,0,0,0,0,16,65,
67,96,12.79,7.88,86.91,0.3,0.0239,0,0,0,0,16,65,
68,97,12.876,8.25,86.41,0.3,0.0326,0,0,0,0,16,67,
69,98,13.144,7.8,143.99,0.3,-0.0286,0,0,0,0,16,66,
70,99,13.301,7.65,156.33,0.3,-0.0199,0,0,0,0,16,65,
71,101,13.569,7.26,108.18,0.3,-0.0112,0,0,0,0,16,66,
72,102,13.67,7.53,100.57,0.3,-0.0025,0,0,0,0,16,64,
73,104,13.919,7.18,93.31,0.3,0.0062,0,0,0,0,16,62,
74,105,14.016,7.49,96.36,0.3,0.0149,0,0,0,0,16,64,
75,139,17.353,6.77,3214.83,0.3,0.0236,0,0,0,0,16,65,
76,140,17.557,6.59,203.34,0.3,0.0323,0,0,0,0,16,61,
77,142,17.745,6.46,60.57,0.3,-0.0288,0,0,0,0,16,60,
78,142,17.818,7.18,72.99,0.3,-0.0201,0,0,0,0,16,61,
79,144,18.041,6.91,83.52,0.3,-0.0114,0,0,0,0,16,60,
80,145,18.143,7.2,101.9,0.3,-0.0028,0,0,0,0,16,61,
81,147,18.393,6.88,95.12,0.3,0.0059,0,0,0,0,16,60,
82,147,18.473,7.44,80.06,0.3,0.0146,0,0,0,0,16,62,
83,149,18.7,7.14,95.09,0.3,0.0233,0,0,0,0,16,63,
84,150,18.791,7.52,90.74,0.3,0.032,0,0,0,0,16,64,
85,151,19.004,7.24,88.06,0.3,-0.0291,0,0,0,0,16,60,
86,152,19.091,7.66,86.74,0.3,-0.0204,0,0,0,0,16,61,
87,154,19.333,7.31,102.37,0.3,-0.0117,0,0,0,0,16,62,
88,155,19.434,7.57,100.76,0.3,-0.003,0,0,0,0,16,64,
89,156,19.668,7.24,81.87,0.3,0.0057,0,0,0,0,16,61,
90,157,19.84,7.1,171.29,0.3,0.0144,0,0,0,0,16,60,
91,168,21.015,6.47,164.8,0.3,0.023,0,0,0,0,16,60,
92,169,21.128,6.71,113.14,0.3,0.0317,0,0,0,0,16,60,
93,170,21.407,6.4,112.13,0.3,-0.0294,0,0,0,0,16,65,
94,171,21.542,6.5,134.79,0.3,-0.0207,0,0,0,0,16,65,
95,173,21.822,6.2,100.71,0.3,-0.012,0,0,0,0,16,63,
96,174,21.948,6.38,125.65,0.3,-0.0033,0,0,0,0,16,63,
97,175,22.163,6.21,78.74,0.3,0.0054,0,0,0,0,16,62,
98,176,22.275,6.48,112.27,0.3,0.0141,0,0,0,0,16,62,
99,178,22.528,6.22,93.93,0.3,0.0228,0,0,0,0,16,63,
100,179,22.659,6.37,130.41,0.3,0.0315,0,0,0,0,16,62,
101,180,22.906,6.13,87.85,0.3,-0.0297,0,0,0,0,16,64,
102,181,23.014,6.45,107.87,0.3,-0.021,0,0,0,0,16,62,
103,183,23.226,6.27,70.53,0.3,-0.0123,0,0,0,0,16,65,
104,183,23.344,6.49,118.22,0.3,-0.0036,0,0,0,0,16,63,
105,185,23.577,6.27,89.15,0.3,0.0051,0,0,0,0,16,65,
106,186,23.718,6.35,141.26,0.3,0.0138,0,0,0,0,16,65,
107,187,23.958,6.13,75.91,0.3,0.0225,0,0,0,0,16,63,
108,188,24.058,6.52,99.84,0.3,0.0312,0,0,0,0,16,63,
109,189,24.281,6.32,59.84,0.3,-0.0299,0,0,0,0,16,65,
110,190,24.393,6.58,112.05,0.3,-0.0212,0,0,0,0,16,65,
111,192,24.655,6.3,87.29,0.3,-0.0126,0,0,0,0,16,63,
112,192,24.745,6.77,90.58,0.3,-0.0039,0,0,0,0,16,61,
113,194,24.974,6.53,81.4,0.3,0.0048,0,0,0,0,16,63,
114,195,25.081,6.82,106.2,0.3,0.0135,0,0,0,0,16,63,
115,196,25.29,6.61,69.9,0.3,0.0222,0,0,0,0,16,62,
116,197,25.415,6.75,124.7,0.3,0.0309,0,0,0,0,16,63,
117,199,25.643,6.52,75.84,0.3,-0.0302,0,0,0,0,16,61,
118,200,25.746,6.83,103.1,0.3,-0.0215,0,0,0,0,16,60,
119,201,25.958,6.62,80.99,0.3,-0.0128,0,0,0,0,16,60,
120,202,26.053,7.02,94.19,0.3,-0.0041,0,0,0,0,16,60,
121,203,26.271,6.78,57.41,0.3,0.0046,0,0,0,0,16,62,
122,204,26.377,7.04,106.62,0.3,0.0132,0,0,0,0,16,62,
123,205,26.609,6.76,66.49,0.3,0.0219,0,0,0,0,16,62,
124,206,26.719,7,109.98,0.3,0.0306,0,0,0,0,16,62,
125,208,26.957,6.72,82.71,0.3,-0.0305,0,0,0,0,16,62,
126,209,27.07,6.93,112.47,0.3,-0.0218,0,0,0,0,16,66,
127,210,27.289,6.7,82.43,0.3,-0.0131,0,0,0,0,16,62,
128,211,27.393,6.99,103.84,0.3,-0.0044,0,0,0,0,16,62,
129,213,27.649,6.68,80.61,0.3,0.0043,0,0,0,0,16,63,
130,214,27.754,6.96,105.01,0.3,0.013,0,0,0,0,16,64,
131,216,27.994,6.68,84.68,0.3,0.0217,0,0,0,0,16,60,
132,216,28.082,7.15,88.19,0.3,0.0304,0,0,0,0,16,61,
133,218,28.305,6.88,82.81,0.3,-0.0308,0,0,0,0,16,64,
134,219,28.416,7.09,111,0.3,-0.0221,0,0,0,0,16,65,
135,221,28.65,6.81,67.31,0.3,-0.0134,0,0,0,0,16,61,
136,221,28.745,7.18,94.65,0.3,-0.0047,0,0,0,0,16,63,
137,223,28.976,6.9,83.07,0.3,0.004,0,0,0,0,16,65,
138,224,29.075,7.21,99.63,0.3,0.0127,0,0,0,0,16,63,
139,226,29.301,6.93,75.91,0.3,0.0214,0,0,0,0,16,61,
140,226,29.411,7.15,109.91,0.3,0.0301,0,0,0,0,16,63,
141,228,29.66,6.83,82.51,0.3,-0.031,0,0,0,0,16,62,
142,229,29.763,7.12,102.65,0.3,-0.0223,0,0,0,0,16,63,
143,230,29.978,6.88,83.21,0.3,-0.0137,0,0,0,0,16,66,
144,231,30.08,7.17,102.12,0.3,-0.005,0,0,0,0,16,66,
145,233,30.308,6.89,78.58,0.3,0.0037,0,0,0,0,16,62,
146,233,30.412,7.16,103.96,0.3,0.0124,0,0,0,0,16,63,
147,235,30.655,6.86,87.47,0.3,0.0211,0,0,0,0,16,67,
148,236,30.768,7.06,112.51,0.3,0.0298,0,0,0,0,16,64,
149,237,30.981,6.82,68.81,0.3,-0.0313,0,0,0,0,16,60,
150,238,31.079,7.15,98.47,0.3,-0.0226,0,0,0,0,16,60,
151,239,31.287,6.92,68.75,0.3,-0.0139,0,0,0,0,16,60,
152,240,31.382,7.28,95.06,0.3,-0.0052,0,0,0,0,16,60,
153,241,31.667,6.9,65.59,0.3,0.0035,0,0,0,0,16,64,
154,242,31.765,7.23,98.2,0.3,0.0121,0,0,0,0,16,64,
155,244,32.021,6.9,98.15,0.3,0.0208,0,0,0,0,16,62,
156,244,32.108,7.36,86.38,0.3,0.0295,0,0,0,0,16,62,
157,246,32.331,7.07,80.42,0.3,-0.0316,0,0,0,0,16,62,
158,247,32.449,7.21,117.97,0.3,-0.0229,0,0,0,0,16,62,
159,249,32.702,6.89,82.49,0.3,-0.0142,0,0,0,0,16,62,
160,250,32.823,7.02,120.76,0.3,-0.0055,0,0,0,0,16,60,
161,251,33.069,6.73,83.87,0.3,0.0032,0,0,0,0,16,62,
162,252,33.177,6.98,107.49,0.3,0.0119,0,0,0,0,16,62,
163,254,33.413,6.71,83.74,0.3,0.0206,0,0,0,0,16,63,
164,255,33.535,6.86,122.02,0.3,0.0293,0,0,0,0,16,62,
165,256,33.757,6.62,70.61,0.3,-0.0319,0,0,0,0,16,66,
166,257,33.859,6.94,101.48,0.3,-0.0232,0,0,0,0,16,66,
167,259,34.113,6.64,83.61,0.3,-0.0145,0,0,0,0,16,62,
168,260,34.24,6.77,126.85,0.3,-0.0058,0,0,0,0,16,65,
169,261,34.5,6.47,109.25,0.3,0.0029,0,0,0,0,16,62,
170,262,34.649,6.5,149.28,0.3,0.0116,0,0,0,0,16,62,
171,264,34.918,6.22,93.13,0.3,0.0203,0,0,0,0,16,62,
172,265,35.057,6.31,139.1,0.3,0.029,0,0,0,0,16,61,
173,266,35.327,6.05,88.64,0.3,-0.0321,0,0,0,0,16,61,
174,267,35.448,6.28,120.32,0.3,-0.0234,0,0,0,0,16,62,
175,269,35.724,6.01,106.07,0.3,-0.0148,0,0,0,0,16,62,
176,269,35.815,6.51,90.92,0.3,-0.0061,0,0,0,0,16,63,
177,271,36.073,6.24,81.83,0.3,0.0026,0,0,0,0,16,62,
178,272,36.184,6.52,110.36,0.3,0.0113,0,0,0,0,16,61,
179,273,36.536,6.16,151.5,0.3,0.02,0,0,0,0,16,63,
180,274,36.706,6.13,169.79,0.3,0.0287,0,0,0,0,16,66,
181,276,37.057,5.8,118.34,0.3,-0.0324,0,0,0,0,16,62,
182,277,37.168,6.12,111.33,0.3,-0.0237,0,0,0,0,16,62,
183,279,37.417,5.91,96.22,0.3,-0.015,0,0,0,0,16,64,
184,280,37.536,6.16,118.27,0.3,-0.0063,0,0,0,0,16,63,
185,281,37.763,5.98,95.29,0.3,0.0024,0,0,0,0,16,61,
186,282,37.874,6.29,110.01,0.3,0.011,0,0,0,0,16,63,
187,283,38.085,6.14,54.52,0.3,0.0197,0,0,0,0,16,63,
188,284,38.179,6.58,93.97,0.3,0.0284,0,0,0,0,16,63,
189,286,38.419,6.34,84.48,0.3,-0.0327,0,0,0,0,16,65,
190,287,38.528,6.63,108,0.3,-0.024,0,0,0,0,16,65,
191,288,38.766,6.39,88.16,0.3,-0.0153,0,0,0,0,16,65,
192,289,38.882,6.61,116.57,0.3,-0.0066,0,0,0,0,16,65,
193,291,39.112,6.38,79.34,0.3,0.0021,0,0,0,0,16,63,
194,291,39.208,6.79,95.35,0.3,0.0108,0,0,0,0,16,62,
195,293,39.443,6.54,81.48,0.3,0.0195,0,0,0,0,16,65,
196,294,39.548,6.84,104.55,0.3,0.0282,0,0,0,0,16,62,
197,296,39.792,6.56,85.18,0.3,-0.033,0,0,0,0,16,63,
198,297,39.907,6.78,114.9,0.3,-0.0243,0,0,0,0,16,66,
199,298,40.111,6.59,73.39,0.3,-0.0156,0,0,0,0,16,67,
200,298,40.195,7.12,84.12,0.3,-0.0069,0,0,0,0,16,66,
201,300,40.438,6.82,83.7,0.3,0.0018,0,0,0,0,16,66,
202,301,40.555,6.99,117.22,0.3,0.0105,0,0,0,0,16,64,
203,303,40.804,6.69,85.15,0.3,0.0192,0,0,0,0,16,63,
204,303,40.913,6.94,108.36,0.3,0.0279,0,0,0,0,16,62,
205,305,41.14,6.69,78.64,0.3,-0.0332,0,0,0,0,16,61,
206,306,41.257,6.87,116.73,0.3,-0.0246,0,0,0,0,16,61,
207,307,41.475,6.64,86.51,0.3,-0.0159,0,0,0,0,16,61,
208,308,41.582,6.92,106.3,0.3,-0.0072,0,0,0,0,16,63,
209,310,41.832,6.62,89.86,0.3,0.0015,0,0,0,0,16,63,
210,311,41.945,6.84,113.79,0.3,0.0102,0,0,0,0,16,63,
211,312,42.156,6.63,77.57,0.3,0.0189,0,0,0,0,16,67,
212,313,42.251,7.02,94.9,0.3,0.0276,0,0,0,0,16,66,
213,314,42.475,6.76,78.19,0.3,-0.0335,0,0,0,0,16,63,
214,315,42.585,6.99,110.35,0.3,-0.0248,0,0,0,0,16,63,
215,317,42.85,6.67,107.5,0.3,-0.0161,0,0,0,0,16,67,
216,318,42.971,6.83,121.05,0.3,-0.0074,0,0,0,0,16,65,
217,319,43.19,6.6,72.54,0.3,0.0012,0,0,0,0,16,65,
218,320,43.285,6.99,95.04,0.3,0.0099,0,0,0,0,16,65,
219,322,43.522,6.71,82.34,0.3,0.0186,0,0,0,0,16,66,
220,323,43.639,6.9,116.44,0.3,0.0273,0,0,0,0,16,64,
221,324,43.862,6.66,76.1,0.3,-0.0338,0,0,0,0,16,62,
222,325,43.979,6.85,115.83,0.3,-0.0251,0,0,0,0,16,60,
223,327,44.192,6.63,59.37,0.3,-0.0164,0,0,0,0,16,62,
224,327,44.301,6.89,108.79,0.3,-0.0077,0,0,0,0,16,66,
225,329,44.527,6.64,81.63,0.3,0.001,0,0,0,0,16,61,
226,330,44.641,6.86,113.57,0.3,0.0097,0,0,0,0,16,66,
227,332,44.889,6.57,77.17,0.3,0.0184,0,0,0,0,16,65,
228,332,44.995,6.86,105.64,0.3,0.0271,0,0,0,0,16,65,
229,334,45.231,6.6,80.83,0.3,-0.0341,0,0,0,0,16,66,
230,335,45.342,6.84,110.65,0.3,-0.0254,0,0,0,0,16,66,
231,336,45.567,6.6,80.74,0.3,-0.0167,0,0,0,0,16,63,
232,337,45.677,6.86,108.71,0.3,-0.008,0,0,0,0,16,65,
233,339,45.903,6.61,83.32,0.3,0.0007,0,0,0,0,16,61,
234,340,46.021,6.8,117.07,0.3,0.0094,0,0,0,0,16,60,
235,341,46.235,6.59,83.81,0.3,0.0181,0,0,0,0,16,65,
236,342,46.335,6.93,100.2,0.3,0.0268,0,0,0,0,16,65,
237,343,46.555,6.69,73.4,0.3,-0.0343,0,0,0,0,16,64,
238,344,46.652,7.05,96.52,0.3,-0.0257,0,0,0,0,16,60,
239,346,46.901,6.75,90.83,0.3,-0.017,0,0,0,0,16,64,
240,347,47.021,6.91,120.31,0.3,-0.0083,0,0,0,0,16,60,
241,348,47.225,6.71,70.19,0.3,0.0004,0,0,0,0,16,63,
242,349,47.339,6.91,113.79,0.3,0.0091,0,0,0,0,16,61,
243,351,47.562,6.67,81.87,0.3,0.0178,0,0,0,0,16,60,
244,352,47.685,6.82,122.86,0.3,0.0265,0,0,0,0,16,65,
245,353,47.905,6.59,88.88,0.3,-0.0346,0,0,0,0,16,64,
246,354,48.019,6.81,113.15,0.3,-0.0259,0,0,0,0,16,60,
247,356,48.252,6.56,83.68,0.3,-0.0172,0,0,0,0,16,60,
248,357,48.374,6.72,121.96,0.3,-0.0085,0,0,0,0,16,60,
249,358,48.583,6.53,78.74,0.3,0.0001,0,0,0,0,16,60,
250,359,48.688,6.83,104.78,0.3,0.0088,0,0,0,0,16,60,
251,361,48.947,6.53,91.06,0.3,0.0175,0,0,0,0,16,60,
252,361,49.041,6.94,94.22,0.3,0.0262,0,0,0,0,16,60,
253,363,49.262,6.7,74.75,0.3,-0.0349,0,0,0,0,16,60,
254,364,49.369,6.96,107.08,0.3,-0.0262,0,0,0,0,16,60,
255,365,49.615,6.67,84.2,0.3,-0.0175,0,0,0,0,16,60,
256,366,49.727,6.9,111.69,0.3,-0.0088,0,0,0,0,16,61,
257,368,49.951,6.65,84.72,0.3,-0.0001,0,0,0,0,16,63,
258,368,50.065,6.87,113.75,0.3,0.0086,0.006,0,0,0.077,15.994,61,
259,370,50.294,6.62,76.88,0.3,0.0173,0.026,0,1.17,0.18,15.974,64,
260,371,50.409,6.82,114.82,0.3,-0.0439,0.038,0,2.4,0.232,15.962,63,
261,373,50.647,6.56,87.59,0.3,-0.0352,0.145,0.008,4.09,0.413,15.855,64,on_bump
262,373,50.747,6.91,99.74,0.3,-0.0265,0.167,0.009,3.61,0.428,15.833,70,on_bump
263,375,51.001,6.61,97.7,0.3,-0.0178,0.259,0.011,0,0.478,15.741,70,on_bump
264,376,51.133,6.7,132.07,0.3,-0.0091,0.283,0.011,0,0.481,15.717,70,on_bump
265,378,51.354,6.49,76.5,0.3,-0.0004,0.378,0.013,3.23,0.461,15.622,61,on_bump
266,378,51.448,6.9,93.72,0.3,-0.0615,0.4,0.014,2.81,0.448,15.6,70,on_bump
267,380,51.67,6.66,81.87,0.3,0.017,0.512,0.011,-3.52,0.454,15.488,63,on_bump
268,381,51.828,6.63,158.56,0.3,0.0257,0.535,0.01,-3.81,0.45,15.465,67,on_bump
269,383,52.075,6.37,85.79,0.3,-0.0354,0.646,0.009,1.86,0.448,15.354,60,
270,383,52.173,6.76,97.24,0.304,-0.0268,0.669,0.01,2.69,0.454,15.331,60,
271,385,52.407,6.51,90.46,0.327,-0.0181,0.764,0.012,0,0.477,15.236,60,
272,386,52.536,6.64,128.55,0.323,-0.0094,0.788,0.012,0,0.473,15.212,60,
273,388,52.8,6.35,105.39,0.325,-0.0007,0.904,0.01,0,0.475,15.096,60,
274,389,52.925,6.52,124.57,0.336,0.008,0.928,0.01,0,0.486,15.072,60,
275,390,53.139,6.33,77.7,0.607,0.0167,1.054,0.009,-1.94,0.517,14.946,60,
276,391,53.227,6.83,88.16,0.616,0.0254,1.08,0.008,-2.38,0.526,14.92,60,
277,392,53.446,6.61,75.12,0.639,-0.0357,1.162,0.006,0,0.549,14.838,60,
278,393,53.543,6.97,97.72,0.605,-0.027,1.219,0.007,1.19,0.575,14.781,62,
279,394,53.741,6.78,40.14,0.596,-0.0183,1.349,0.013,3.11,0.686,14.651,64,
280,394,53.793,8.03,51.55,0.596,-0.0096,1.349,0.013,3.11,0.686,14.651,64,
281,396,53.986,7.75,32.64,0.597,-0.001,1.495,0.02,2.36,0.747,14.505,62,
282,396,54.033,9.07,47.58,0.597,0.0077,1.495,0.02,2.36,0.747,14.505,63,
283,396,54.185,8.82,13.56,0.3,0,1.652,0.026,2.22,0.801,14.348,63,
284,396,54.19,24.74,4.7,0.3,0,1.652,0.026,2.22,0.801,14.348,63,
285,397,54.382,22.79,11.41,0.3,0,1.733,0.029,2.31,0.798,14.267,64,
286,397,54.389,34.01,7.23,0.3,0,1.733,0.029,2.31,0.798,14.267,64,
287,399,54.694,30.93,77.46,0.627,0.0087,1.921,0.038,2.84,0.717,14.079,65,
288,399,54.8,28.79,101.7,0.596,-0.0524,1.956,0.039,2.79,0.686,14.045,61,
289,400,55.045,26.31,79.68,0.495,-0.0437,2.083,0.039,0,0.645,13.917,62,
290,401,55.156,24.58,110.78,0.3,-0.035,2.115,0.039,0,0.644,13.885,62,on_bump
291,402,55.343,22.66,42.83,0.3,-0.0264,2.251,0.039,0,0.678,13.749,68,on_bump
292,402,55.397,22.23,54.41,0.3,-0.0177,2.251,0.039,0,0.678,13.749,68,on_bump
293,403,55.597,20.51,36.75,0.3,-0.009,2.412,0.035,-2.42,0.621,13.588,63,on_bump
294,404,55.68,19.67,82.1,0.3,-0.0003,2.412,0.035,-2.42,0.621,13.588,63,on_bump
295,405,55.904,18.15,58.59,0.3,0.0084,2.502,0.033,0,0.591,13.498,63,on_bump
296,406,56.009,17.29,104.52,0.3,0.0171,2.531,0.033,0,0.584,13.469,63,on_bump
297,407,56.283,15.92,102.85,0.3,0.0258,2.704,0.033,0,0.568,13.296,60,on_bump
298,408,56.403,15.17,119.37,0.598,-0.0353,2.704,0.033,0,0.568,13.296,60,
299,410,56.68,14.01,88.84,0.629,-0.0266,2.876,0.033,0,0.599,13.124,60,
300,410,56.791,13.52,110.43,0.598,-0.0179,2.939,0.033,0,0.628,13.061,60,
301,411,57.026,12.59,40.84,0.586,-0.0092,3.068,0.031,-1.76,0.676,12.932,60,
302,412,57.106,12.57,80.58,0.3,-0.0006,3.068,0.031,-1.76,0.676,12.932,60,on_bump
303,413,57.313,11.8,76.99,0.594,0.0081,3.191,0.027,-1.97,0.624,12.809,60,
304,413,57.371,12.34,57.78,0.594,0.0168,3.191,0.027,-1.97,0.624,12.809,60,
305,415,57.581,11.58,60.41,0.616,0.0255,3.317,0.023,-1.85,0.646,12.683,60,
306,415,57.65,11.88,68.63,0.594,-0.0356,3.385,0.02,-1.85,0.684,12.615,60,
307,417,57.881,11.12,48.98,0.611,-0.0269,3.481,0.017,-1.81,0.641,12.519,60,
308,417,57.966,11.19,84.33,0.639,-0.0182,3.514,0.016,-2,0.669,12.486,60,
309,418,58.151,10.61,23.98,0.586,-0.0095,3.656,0.01,-2.93,0.736,12.344,60,
310,418,58.181,12.87,30.01,0.593,-0.0008,3.693,0.008,-2.98,0.743,12.307,60,
311,419,58.381,12.08,23.28,0.608,0.0079,3.768,0.004,-2.48,0.758,12.232,60,
312,420,58.426,13.06,45.64,0.608,0.0166,3.768,0.004,-2.48,0.758,12.232,60,
313,421,58.595,12.34,31.25,0.3,0.0252,3.923,0,-1.16,0.745,12.077,60,on_bump
314,421,58.652,12.86,56.85,0.3,-0.0359,3.961,-0.001,-1.61,0.761,12.039,60,on_bump
315,422,58.851,12.08,55.62,0.639,0.0426,4.034,-0.004,-2.24,0.729,11.966,62,
316,422,58.907,12.69,54.9,0.614,0.0513,4.07,-0.005,-1.25,0.704,11.93,62,
317,424,59.122,11.88,59.03,0.627,-0.0098,4.203,-0.005,0,0.657,11.797,60,
318,424,59.212,11.8,90.43,0.637,-0.0011,4.237,-0.004,1.43,0.667,11.763,60,
319,425,59.462,11.02,49.59,0.63,0.0076,4.375,-0.001,0,0.72,11.625,60,
320,426,59.529,11.42,66.58,0.583,0.0163,4.412,-0.001,0,0.733,11.588,60,
321,426,59.751,10.72,30.48,0.607,0.025,4.599,0,1.47,0.757,11.401,60,
322,427,59.828,10.95,76.72,0.607,-0.0361,4.599,0,1.47,0.757,11.401,60,
323,427,60.025,10.36,23.52,0.614,-0.0275,4.752,0.008,3.23,0.764,11.248,60,
324,428,60.091,10.86,65.32,0.614,-0.0188,4.752,0.008,3.23,0.764,11.248,60,
325,428,60.237,10.45,16.63,0.628,-0.0101,4.907,0.017,3.21,0.778,11.093,60,
326,429,60.279,11.8,41.73,0.628,-0.0014,4.907,0.017,3.21,0.778,11.093,60,
327,429,60.439,11.24,17.56,0.635,0.0073,4.985,0.021,3.28,0.785,11.015,60,
328,429,60.461,14.67,21.73,0.635,0.016,4.985,0.021,3.28,0.785,11.015,60,
329,430,60.659,13.71,24.06,0.599,-0.0451,5.141,0.03,3.76,0.749,10.859,60,
330,430,60.682,16.74,22.55,0.599,-0.0364,5.141,0.03,3.76,0.749,10.859,60,
331,431,60.9,15.53,25.13,0.59,-0.0277,5.253,0.04,5.76,0.74,10.747,60,
332,431,60.915,20.68,14.77,0.59,-0.019,5.253,0.04,5.76,0.74,10.747,60,
333,433,61.13,19.08,54.93,0.61,-0.0103,5.396,0.051,3.07,0.7,10.605,60,
334,433,61.185,18.99,54.76,0.604,-0.0017,5.43,0.052,2.31,0.694,10.57,60,
335,434,61.379,17.61,61.72,0.3,0.0769,5.495,0.055,1.87,0.616,10.506,61,approaching
336,434,61.442,17.43,62.87,0.3,0.0855,5.526,0.056,3.48,0.621,10.475,61,approaching
337,435,61.623,16.24,36.02,0.3,0.0942,5.65,0.069,6.85,0.614,10.35,62,on_bump
338,436,61.719,15.66,95.54,0.3,0.1029,5.65,0.069,6.85,0.614,10.35,62,on_bump
339,437,61.963,14.51,67.61,0.3,0.5305,5.765,0.082,5.1,0.544,10.236,70,on_bump
340,438,62.071,13.98,107.63,0.3,0.9581,5.791,0.084,5.04,0.528,10.21,70,on_bump
341,440,62.377,12.91,86.69,0.3,0.9668,5.925,0.105,15.95,0.412,10.076,70,on_bump
342,441,62.49,12.51,112.76,0.3,0.9755,5.925,0.105,15.95,0.412,10.076,70,on_bump
343,442,62.717,11.7,81.75,0.3,1.1936,6.026,0.174,43.97,0.423,9.976,70,on_bump
344,443,62.818,11.51,101.1,0.3,1.1325,6.04,0.189,47.05,0.431,9.961,70,on_bump
345,444,63.032,10.83,56.72,0.3,1.1412,6.08,0.245,57.77,0.448,9.923,70,on_bump
346,444,63.118,10.92,85.37,0.3,1.1498,6.092,0.264,59.81,0.446,9.912,70,on_bump
347,446,63.317,10.33,61.67,0.3,1.1585,6.134,0.36,70.72,0.398,9.872,68,on_bump
348,446,63.385,10.76,67.93,0.3,1.1672,6.134,0.36,70.72,0.398,9.872,34,on_bump
349,447,63.544,10.32,28.45,0.3,1.1759,6.144,0.414,82.92,0.355,9.865,14,on_bump
350,448,63.607,10.87,62.97,0.3,1.1846,6.144,0.414,82.92,0.355,9.865,14,on_bump
351,449,63.83,10.23,55.3,0.3,1.1933,6.142,0.497,99.06,0.317,9.871,18,on_bump
352,449,63.872,11.57,41.93,0.3,1.1322,6.142,0.497,99.06,0.317,9.871,9,on_bump
353,450,64.064,10.94,30.6,0.386,1.1409,6.125,0.539,115.69,0.296,9.89,7,
354,450,64.108,12.08,44.42,0.382,1.1496,6.118,0.552,119.23,0.292,9.898,7,
355,451,64.301,11.39,37,0.3,1.1583,6.078,0.602,134.32,0.348,9.941,7,on_bump
356,451,64.381,11.5,80.05,0.3,1.167,6.078,0.602,134.32,0.348,9.941,56,on_bump
357,452,64.6,10.81,68.37,0.3,1.1757,6.031,0.636,146.46,0.401,9.989,68,on_bump
358,453,64.707,10.66,106.67,0.3,1.1843,6.014,0.646,148.64,0.399,10.007,68,on_bump
359,454,64.977,9.97,61.37,0.3,1.193,5.925,0.682,171.54,0.367,10.098,70,on_bump
360,455,65.068,10.06,91.66,0.3,1.1319,5.907,0.683,176.46,0.363,10.116,70,on_bump
361,456,65.282,9.52,65.08,0.3,1.1406,5.82,0.673,-165.39,0.352,10.202,70,
362,457,65.377,9.62,95.43,0.3,1.1493,5.802,0.667,-162.03,0.367,10.22,70,on_bump
363,458,65.594,9.12,48.48,0.3,1.158,5.753,0.64,-148.06,0.376,10.267,60,
364,459,65.686,9.28,92.51,0.3,1.1667,5.723,0.618,-141.58,0.379,10.296,60,
365,461,65.94,8.75,85.65,0.3,1.1056,5.681,0.578,-133.26,0.377,10.335,67,
366,461,66.032,8.96,92.01,0.3,1.0444,5.671,0.563,-124.07,0.375,10.345,70,
367,463,66.267,8.49,72.03,0.3,0.9135,5.638,0.487,-106.02,0.339,10.374,70,
368,463,66.353,8.8,86.03,0.3,0.8524,5.634,0.47,-102.99,0.344,10.377,70,
369,465,66.588,8.34,84.99,0.3,0.9309,5.628,0.416,-92.61,0.377,10.38,60,on_bump
370,466,66.72,8.27,131.6,0.3,0.9396,5.628,0.377,-89.08,0.396,10.378,69,on_bump
371,467,66.969,7.84,89.95,0.3,0.9483,5.636,0.298,-80.96,0.397,10.368,64,on_bump
372,468,67.056,8.2,87.16,0.3,0.957,5.642,0.28,-72.07,0.386,10.362,64,
373,470,67.295,7.8,81.44,0.3,0.477,5.696,0.19,-50.47,0.365,10.306,60,
374,470,67.404,7.94,108.54,0.3,0.4158,5.708,0.176,-48.31,0.38,10.293,60,
375,472,67.636,7.58,87.86,0.3,0.2849,5.752,0.139,-37.09,0.367,10.249,65,approaching
376,473,67.751,7.69,115.43,0.3,0.0144,5.768,0.128,-34.96,0.385,10.233,70,approaching
377,475,68.009,7.31,110.21,0.3,-0.4656,5.834,0.086,-31.14,0.385,10.167,70,on_bump
378,476,68.116,7.51,106.41,0.3,-0.9456,5.87,0.066,-28.37,0.416,10.131,70,on_bump
379,478,68.354,7.18,72.89,0.3,-0.8509,5.963,0.018,-28.01,0.411,10.037,70,on_bump
380,479,68.484,7.23,130.27,0.3,-0.8509,5.98,0.008,-29.34,0.391,10.02,70,on_bump
381,480,68.68,7.02,70.29,0.3,-0.7811,6.037,-0.033,-38.96,0.337,9.963,54,on_bump
382,481,68.817,7.05,136.17,0.3,-0.7113,6.05,-0.044,-40.74,0.322,9.95,54,on_bump
383,483,69.182,6.62,141.13,0.3,-0.2837,6.115,-0.106,-44.21,0.289,9.885,66,on_bump
384,484,69.355,6.54,172.63,0.3,0.1438,6.135,-0.126,-42.99,0.273,9.865,70,on_bump
385,486,69.685,6.18,125.33,0.3,0.362,6.185,-0.17,-42.6,0.156,9.816,66,on_bump
386,487,69.794,6.48,108.72,0.3,0.3707,6.195,-0.179,-44.3,0.123,9.807,56,on_bump
387,488,70.009,6.3,76.41,0.3,0.3794,6.204,-0.187,-42.96,0.058,9.798,64,on_bump
388,489,70.104,6.72,94.85,0.3,0.3182,6.205,-0.188,-37.43,0.002,9.797,56,on_bump
389,491,70.343,6.47,84.75,0.3,0.2571,6.206,-0.189,-29.17,0.041,9.795,70,on_bump
390,492,70.464,6.65,120.65,0.3,0.2658,6.213,-0.192,-26.7,0.086,9.789,70,on_bump
391,493,70.681,6.44,86.66,0.3,0.2047,6.231,-0.2,-22.02,0.153,9.771,70,on_bump
392,494,70.789,6.72,108.12,0.3,0.2134,6.248,-0.206,-19.78,0.191,9.754,70,on_bump
393,496,71.031,6.46,81.28,0.3,0.1523,6.279,-0.216,-15.43,0.227,9.723,70,on_bump
394,497,71.145,6.69,114.49,0.3,0.0911,6.303,-0.222,-13.18,0.249,9.7,70,on_bump
395,499,71.403,6.41,85.16,0.3,-0.3889,6.385,-0.236,-7.15,0.431,9.618,70,on_bump
396,500,71.533,6.54,128.99,0.3,-0.8689,6.409,-0.239,-5.66,0.479,9.594,70,on_bump
397,501,71.74,6.37,69.64,0.3,-0.9906,6.494,-0.237,3.56,0.413,9.509,64,on_bump
398,502,71.846,6.68,105.38,0.3,-0.5717,6.531,-0.235,4.24,0.366,9.472,64,
399,503,72.057,6.48,60.54,0.3,-0.1441,6.582,-0.233,-1.76,0.324,9.421,64,
400,504,72.19,6.59,132.9,0.3,0.0042,6.598,-0.234,-3.19,0.307,9.405,66,on_bump
401,506,72.439,6.33,92.98,0.3,0.0827,6.691,-0.247,-7.85,0.291,9.312,70,on_bump
402,507,72.549,6.6,110.44,0.3,0.0914,6.691,-0.247,-7.85,0.291,9.312,63,on_bump
403,509,72.781,6.37,82.63,0.3,-0.0395,6.776,-0.251,0,0.42,9.227,70,
404,509,72.887,6.68,105.23,0.3,-0.0308,6.798,-0.25,2.66,0.438,9.205,70,
405,511,73.112,6.46,74.46,0.3,-0.1618,6.882,-0.239,8.7,0.41,9.121,70,
406,512,73.249,6.54,137.44,0.3,-0.1531,6.901,-0.236,7.57,0.378,9.102,70,
407,514,73.503,6.28,108.78,0.3,-0.0048,6.991,-0.231,0,0.398,9.012,70,
408,515,73.64,6.38,136.9,0.3,0.0039,7.011,-0.231,0,0.399,8.992,70,
409,516,73.955,6.06,147.28,0.3,-0.0572,7.074,-0.229,4.32,0.102,8.929,65,
410,517,74.122,6.05,167.14,0.3,-0.0485,7.079,-0.229,3.59,0.116,8.924,70,
411,519,74.457,5.74,130.17,0.3,-0.0398,7.144,-0.224,5.21,0.282,8.858,70,
412,521,74.636,5.73,178.75,0.3,-0.0311,7.163,-0.222,5.27,0.375,8.84,70,
413,522,74.861,5.6,86.38,0.3,-0.0224,7.285,-0.222,0,0.333,8.718,70,
414,523,74.992,5.8,130.78,0.3,-0.0137,7.299,-0.222,1.24,0.293,8.703,70,
415,524,75.189,5.73,55.78,0.3,-0.005,7.359,-0.217,5.27,0.326,8.643,70,
416,525,75.315,5.95,125.98,0.3,0.0037,7.377,-0.216,4.42,0.348,8.626,70,on_bump
417,527,75.551,5.78,82.04,0.357,0.0123,7.466,-0.211,2.45,0.507,8.537,70,
418,528,75.666,6.07,114.8,0.612,0.021,7.492,-0.209,4.29,0.522,8.51,70,
419,530,75.908,5.88,86.44,0.613,-0.0401,7.642,-0.2,2.33,0.523,8.36,70,
420,531,76.028,6.13,119.22,0.622,-0.0314,7.669,-0.199,2.46,0.532,8.333,70,
421,532,76.227,6.01,62.07,0.605,-0.0227,7.789,-0.187,6.66,0.635,8.213,70,
422,533,76.317,6.53,89.38,0.605,-0.014,7.789,-0.187,6.66,0.635,8.213,70,
423,534,76.5,6.42,60.62,0.3,-0.0053,7.92,-0.171,6.51,0.669,8.082,70,approaching
424,534,76.584,6.98,83.13,0.3,-0.0664,7.92,-0.171,6.51,0.669,8.082,70,approaching
425,536,76.777,6.8,60.24,0.3,-0.0577,8.054,-0.159,4.68,0.666,7.947,70,approaching
426,536,76.849,7.5,72.08,0.3,-0.049,8.087,-0.156,4.52,0.647,7.915,70,approaching
427,538,77.059,7.23,68.5,0.3,-0.1102,8.182,-0.149,4.47,0.63,7.819,70,on_bump
428,538,77.137,7.79,77.58,0.3,-0.1015,8.213,-0.146,4.86,0.625,7.788,70,on_bump
429,540,77.352,7.48,52.9,0.3,-0.023,8.36,-0.133,4.78,0.567,7.641,70,on_bump
430,540,77.443,7.82,91.23,0.3,-0.1539,8.388,-0.131,4.44,0.556,7.613,70,on_bump
431,542,77.672,7.48,79.37,0.3,-0.215,8.468,-0.127,2.07,0.524,7.533,69,on_bump
432,543,77.844,7.31,172.01,0.3,-0.0667,8.494,-0.126,1.32,0.518,7.507,70,on_bump
433,545,78.266,6.82,156.99,0.3,0.0118,8.667,-0.131,-5.05,0.467,7.335,61,on_bump
434,546,78.406,6.85,139.57,0.3,0.0205,8.733,-0.137,-5.44,0.439,7.268,60,
435,547,78.895,6.37,241.86,0.3,0.0292,8.863,-0.141,-1.23,0.429,7.138,60,
436,548,79.061,6.34,165.24,0.3,0.0379,8.968,-0.149,-6.37,0.407,7.034,62,on_bump
437,550,79.399,6,120.78,0.3,-0.0232,9.071,-0.156,-1.67,0.414,6.931,67,on_bump
438,551,79.56,6.02,160.58,0.3,-0.0146,9.112,-0.156,1.32,0.402,6.89,63,
439,553,79.801,5.83,85.3,0.3,-0.0059,9.216,-0.154,0,0.441,6.785,65,on_bump
440,554,79.913,6.15,111.25,0.3,0.0028,9.238,-0.154,0,0.433,6.764,64,on_bump
441,556,80.151,5.95,80.92,0.3,0.0115,9.324,-0.156,-1.5,0.428,6.678,68,
442,557,80.257,6.3,106.04,0.3,0.0202,9.345,-0.156,0,0.428,6.657,60,
443,558,80.479,6.12,78.08,0.3,-0.0409,9.453,-0.151,4.94,0.43,6.549,60,
444,559,80.582,6.48,102.99,0.3,-0.0322,9.475,-0.149,5.28,0.437,6.527,61,
445,561,80.825,6.24,91.21,0.334,-0.0235,9.567,-0.143,3.23,0.484,6.435,70,
446,562,80.933,6.54,107.96,0.595,-0.0148,9.592,-0.142,3.07,0.505,6.409,60,
447,563,81.136,6.38,74.1,0.35,-0.0061,9.669,-0.137,3.69,0.5,6.333,60,
448,564,81.252,6.6,115.88,0.639,0.0026,9.722,-0.133,4.43,0.549,6.279,65,
449,565,81.459,6.43,43.56,0.636,0.0112,9.879,-0.118,6.27,0.666,6.122,60,
450,566,81.538,7.04,79.58,0.584,-0.0499,9.912,-0.114,6.4,0.674,6.089,60,
451,567,81.698,6.96,43.19,0.634,-0.0412,9.983,-0.105,7.7,0.724,6.018,61,
452,567,81.762,7.84,63.26,0.613,-0.0325,10.018,-0.1,7.96,0.703,5.983,61,
453,569,81.99,7.49,44.28,0.616,-0.0238,10.19,-0.076,7.89,0.706,5.811,64,
454,569,82.061,8.15,70.98,0.616,-0.0151,10.19,-0.076,7.89,0.706,5.811,70,
455,570,82.253,7.86,36.86,0.64,-0.0064,10.297,-0.058,10.01,0.73,5.703,62,
456,571,82.328,8.39,75.56,0.64,0.0023,10.333,-0.051,9.99,0.73,5.667,62,
457,572,82.503,8.12,34.15,0.598,0.011,10.479,-0.027,9.06,0.748,5.521,61,
458,572,82.563,8.98,59.65,0.598,-0.12,10.479,-0.027,9.06,0.748,5.521,70,
459,573,82.81,8.49,35.02,0.597,-0.1811,10.627,-0.001,11,0.747,5.373,70,
460,573,82.843,10.61,33.39,0.606,-0.1724,10.664,0.007,11.57,0.756,5.336,70,
461,574,83.027,10.09,34.79,0.3,-0.1637,10.774,0.03,12.01,0.721,5.226,70,on_bump
462,575,83.099,10.47,72.18,0.631,-0.155,10.774,0.03,12.01,0.721,5.226,70,
463,576,83.288,9.95,59.67,0.609,-0.0067,10.871,0.047,8.24,0.639,5.129,70,
464,576,83.359,10.36,70.83,0.542,0.002,10.903,0.051,6.69,0.632,5.098,70,
465,577,83.548,9.85,39.67,0.612,0.0107,11.03,0.061,4.04,0.642,4.97,70,
466,578,83.628,10.13,79.37,0.612,0.0194,11.03,0.061,4.04,0.642,4.97,70,
467,579,83.818,9.64,59.77,0.613,-0.0417,11.157,0.078,10.08,0.643,4.843,66,
468,580,83.905,9.82,86.99,0.3,-0.033,11.188,0.084,10.98,0.631,4.813,66,approaching
469,581,84.119,9.31,63.53,0.3,-0.0243,11.283,0.103,10.53,0.646,4.719,68,on_bump
470,582,84.213,9.45,93.34,0.3,-0.0855,11.314,0.107,8.44,0.635,4.687,70,on_bump
471,583,84.428,8.97,70.82,0.3,-0.007,11.43,0.121,6.47,0.562,4.572,70,on_bump
472,584,84.538,8.98,109.41,0.3,-0.0681,11.484,0.128,7.09,0.535,4.518,70,on_bump
473,586,84.778,8.5,80.76,0.3,-0.1292,11.559,0.139,8.27,0.495,4.443,70,on_bump
474,587,84.902,8.46,123.98,0.3,-0.0507,11.606,0.145,7.82,0.467,4.396,70,on_bump
475,588,85.136,8.04,82.4,0.3,-0.1118,11.696,0.155,5.11,0.447,4.307,70,on_bump
476,589,85.243,8.16,107.36,0.3,-0.0333,11.717,0.157,4.81,0.424,4.286,70,on_bump
477,591,85.488,7.76,85.05,0.3,-0.0944,11.809,0.169,9.01,0.339,4.195,70,on_bump
478,592,85.595,7.92,106.85,0.3,-0.0857,11.842,0.174,7.13,0.336,4.162,70,on_bump
479,593,85.846,7.52,91.66,0.3,-0.0771,11.894,0.178,4.71,0.358,4.11,70,on_bump
480,594,85.964,7.62,118,0.3,-0.1382,11.93,0.181,5.36,0.364,4.074,70,on_bump
481,596,86.209,7.26,89.4,0.3,-0.0597,11.987,0.187,6.31,0.384,4.018,70,on_bump
482,597,86.342,7.29,132.87,0.3,-0.051,12.026,0.191,5.1,0.404,3.978,70,on_bump
483,599,86.574,6.99,79.85,0.3,-0.0423,12.152,0.199,2.62,0.436,3.853,70,on_bump
484,599,86.681,7.23,106.51,0.3,-0.0336,12.152,0.199,2.62,0.436,3.853,70,on_bump
485,601,86.938,6.9,100.43,0.3,-0.0249,12.272,0.204,3.09,0.487,3.734,70,on_bump
486,603,87.092,6.85,154.45,0.3,-0.086,12.321,0.207,3.58,0.486,3.685,70,on_bump
487,604,87.37,6.53,124.33,0.3,-0.1471,12.414,0.214,4.74,0.464,3.592,70,on_bump
488,605,87.529,6.5,158.54,0.3,-0.1385,12.46,0.218,5.18,0.462,3.546,70,on_bump
489,607,87.877,6.14,138.78,0.3,-0.0599,12.591,0.226,0,0.399,3.417,70,on_bump
490,608,88.023,6.21,145.83,0.3,0.0186,12.629,0.224,-4.1,0.387,3.378,70,on_bump
491,610,88.346,5.9,103.67,0.3,-0.0426,12.746,0.224,7.65,0.355,3.261,66,on_bump
492,611,88.472,6.1,125.85,0.3,-0.1037,12.763,0.227,9.86,0.328,3.245,70,on_bump
493,613,88.722,5.89,97.57,0.3,-0.095,12.823,0.239,10.46,0.305,3.186,70,on_bump
494,614,88.854,6.06,131.77,0.3,-0.0863,12.855,0.242,4.88,0.327,3.154,70,on_bump
495,616,89.141,5.8,118.7,0.3,-0.0078,12.971,0.25,5.39,0.418,3.039,70,on_bump
496,617,89.265,6.03,123.52,0.3,-0.0689,12.971,0.25,5.39,0.418,3.039,70,on_bump
497,619,89.548,5.78,128.78,0.3,-0.2697,13.095,0.263,4.3,0.403,2.917,70,on_bump
498,620,89.673,6,124.01,0.3,-0.0515,13.135,0.265,3.2,0.412,2.877,70,on_bump
499,621,89.893,5.86,79.58,0.3,-0.0428,13.2,0.269,3.87,0.439,2.813,68,on_bump
500,622,90.006,6.16,112.16,0.3,-0.0341,13.245,0.273,4.81,0.461,2.768,63,on_bump
501,624,90.237,5.98,77.2,0.3,-0.0255,13.312,0.279,4.37,0.444,2.702,66,on_bump
502,624,90.381,6.08,142.85,0.3,-0.0866,13.357,0.28,2,0.454,2.657,64,on_bump
503,626,90.654,5.83,119.61,0.3,-0.0081,13.498,0.282,1.84,0.478,2.517,70,on_bump
504,627,90.807,5.9,153.42,0.3,-0.139,13.498,0.282,1.84,0.478,2.517,63,on_bump
505,630,91.199,5.57,190.23,0.3,-0.0605,13.689,0.286,0,0.477,2.329,60,on_bump
506,631,91.367,5.6,164.94,0.3,-0.0518,13.713,0.286,0,0.482,2.305,60,on_bump
507,632,91.656,5.39,122.79,0.3,-0.1129,13.884,0.286,0,0.473,2.135,69,on_bump
508,633,91.765,5.77,108.01,0.3,-0.1042,13.884,0.286,0,0.473,2.135,69,on_bump
509,635,92.062,5.53,101.14,0.3,-0.0955,14.023,0.28,-2.43,0.471,1.997,70,on_bump
510,636,92.201,5.7,139.54,0.3,-0.017,14.071,0.278,-2.28,0.492,1.949,70,on_bump
511,637,92.454,5.52,63.56,0.3,-0.0083,14.173,0.273,-3.37,0.513,1.847,70,on_bump
512,638,92.58,5.76,125.65,0.3,0.0003,14.225,0.27,-2.82,0.522,1.796,70,on_bump
513,640,92.98,5.44,151.9,0.3,-0.0608,14.377,0.265,-1.92,0.5,1.645,68,on_bump
514,641,93.178,5.4,198.35,0.3,-0.0521,14.451,0.263,-1.57,0.493,1.571,70,on_bump
515,644,93.579,5.11,167.36,0.3,-0.0434,14.601,0.262,0,0.501,1.424,70,on_bump
516,644,93.736,5.23,157.15,0.3,-0.0347,14.675,0.262,0,0.493,1.35,70,on_bump
517,646,94.057,5.02,126.39,0.3,-0.026,14.783,0.266,6.51,0.397,1.246,70,on_bump
518,648,94.245,5.05,187.15,0.3,-0.2268,14.833,0.274,8.23,0.327,1.198,70,on_bump
519,649,94.527,4.9,111.11,0.3,-0.1482,14.926,0.279,0,0.398,1.11,70,on_bump
520,650,94.694,5.01,167.01,0.3,-0.0697,14.967,0.279,0,0.409,1.07,70,on_bump
521,652,94.994,4.84,104.83,0.3,-0.061,15.074,0.272,-4.31,0.434,0.965,69,on_bump
522,653,95.147,5.01,153,0.3,-0.0524,15.118,0.269,-3.96,0.443,0.923,69,on_bump
523,655,95.495,4.8,132.95,0.3,-0.1833,15.249,0.261,-3.68,0.451,0.795,66,on_bump
524,656,95.655,4.94,159.37,0.3,-0.1746,15.294,0.258,-4.33,0.447,0.752,63,on_bump
525,658,95.95,4.79,112.13,0.3,-0.1659,15.4,0.246,-8.6,0.411,0.648,66,approaching
526,659,96.082,5.07,131.67,0.3,-0.1572,15.44,0.239,-10.34,0.401,0.609,61,on_bump
527,660,96.333,4.96,97.01,0.3,-0.1485,15.514,0.222,-13.21,0.375,0.534,63,on_bump
